date,Month,Year,DIS,ideal_earning,ideal_compound_earning_adj,ideal_compound_earning,snp500,snp500_earning,snp500_earning_adj
9/30/2015 0:00,Sep,2015,97.74,1,1,0,1920.030029,1,0
10/1/2015 0:00,Oct,2015,98.19,0.003453039,1.003453039,0.003453039,1923.819946,1.001973884,0.001973884
10/2/2015 0:00,Oct,2015,98.5,0.002367858,1.005829073,0.005829073,1951.359985,1.01631743,0.01631743
10/5/2015 0:00,Oct,2015,99.32,0.006243655,1.012109123,0.012109123,1987.050049,1.034905714,0.034905714
10/6/2015 0:00,Oct,2015,99.24,0,1.012109123,0.012109123,1979.920044,1.031192228,0.031192228
10/7/2015 0:00,Oct,2015,98.88,0,1.012109123,0.012109123,1995.829956,1.039478511,0.039478511
10/8/2015 0:00,Oct,2015,100.04,0.008798544,1.021014209,0.021014209,2013.430054,1.048645086,0.048645086
10/9/2015 0:00,Oct,2015,100.95,0.006822271,1.027979845,0.027979845,2014.890015,1.04940547,0.04940547
10/12/2015 0:00,Oct,2015,101.71,0.00564636,1.033784189,0.033784189,2017.459961,1.050743963,0.050743963
10/13/2015 0:00,Oct,2015,101.94,0.001695998,1.035537485,0.035537485,2003.689941,1.043572189,0.043572189
10/14/2015 0:00,Oct,2015,101.12,0,1.035537485,0.035537485,1994.23999,1.038650417,0.038650417
10/15/2015 0:00,Oct,2015,103.18,0.015278877,1.051359334,0.051359334,2023.859985,1.054077256,0.054077256
10/16/2015 0:00,Oct,2015,103.52,0.002471409,1.053957674,0.053957674,2033.109985,1.058894889,0.058894889
10/19/2015 0:00,Oct,2015,104.69,0.008476623,1.062891675,0.062891675,2033.660034,1.059181369,0.059181369
10/20/2015 0:00,Oct,2015,105.05,0.002579043,1.065632919,0.065632919,2030.77002,1.057676177,0.057676177
10/21/2015 0:00,Oct,2015,105.29,0.00171347,1.067458848,0.067458848,2018.939941,1.051514773,0.051514773
10/22/2015 0:00,Oct,2015,108.31,0.021512014,1.090422038,0.090422038,2052.51001,1.068998911,0.068998911
10/23/2015 0:00,Oct,2015,108.15,0,1.090422038,0.090422038,2075.149902,1.080790337,0.080790337
10/26/2015 0:00,Oct,2015,108.57,0.002912621,1.093598025,0.093598025,2071.179932,1.078722677,0.078722677
10/27/2015 0:00,Oct,2015,108.8,0.001588837,1.095335574,0.095335574,2065.889893,1.075967491,0.075967491
10/28/2015 0:00,Oct,2015,109.35,0.00379136,1.099488385,0.099488385,2090.350098,1.088706982,0.088706982
10/29/2015 0:00,Oct,2015,110.02,0.004595336,1.104540904,0.104540904,2089.409912,1.088217309,0.088217309
10/30/2015 0:00,Oct,2015,108.78,0,1.104540904,0.104540904,2079.360107,1.082983118,0.082983118
11/2/2015 0:00,Nov,2015,110.02,0.008549366,1.113984028,0.113984028,2104.050049,1.095842261,0.095842261
11/3/2015 0:00,Nov,2015,110.5,0.003272132,1.117629131,0.117629131,2109.790039,1.098831793,0.098831793
11/4/2015 0:00,Nov,2015,108.31,0,1.117629131,0.117629131,2102.310059,1.094936031,0.094936031
11/5/2015 0:00,Nov,2015,108.07,0,1.117629131,0.117629131,2099.929932,1.093696401,0.093696401
11/6/2015 0:00,Nov,2015,110.62,0.017696863,1.137407661,0.137407661,2099.199951,1.093316208,0.093316208
11/9/2015 0:00,Nov,2015,111.34,0.004881577,1.142960004,0.142960004,2078.580078,1.082576859,0.082576859
11/10/2015 0:00,Nov,2015,112.3,0.006466679,1.150351159,0.150351159,2081.719971,1.084212194,0.084212194
11/11/2015 0:00,Nov,2015,111.43,0,1.150351159,0.150351159,2075,1.080712264,0.080712264
11/12/2015 0:00,Nov,2015,111.14,0,1.150351159,0.150351159,2045.969971,1.065592694,0.065592694
11/13/2015 0:00,Nov,2015,109.83,0,1.150351159,0.150351159,2023.040039,1.053650208,0.053650208
11/16/2015 0:00,Nov,2015,110.86,0.007033597,1.158442266,0.158442266,2053.189941,1.069353036,0.069353036
11/17/2015 0:00,Nov,2015,111.06,0.001353058,1.160009705,0.160009705,2050.439941,1.067920767,0.067920767
11/18/2015 0:00,Nov,2015,112.98,0.012965964,1.17505035,0.17505035,2083.580078,1.085180985,0.085180985
11/19/2015 0:00,Nov,2015,113.53,0.003651089,1.179340563,0.179340563,2081.23999,1.083962208,0.083962208
11/20/2015 0:00,Nov,2015,114.83,0.008588038,1.189468785,0.189468785,2089.169922,1.088092316,0.088092316
11/23/2015 0:00,Nov,2015,114.21,0,1.189468785,0.189468785,2086.590088,1.086748674,0.086748674
11/24/2015 0:00,Nov,2015,112.8,0,1.189468785,0.189468785,2089.139893,1.088076677,0.088076677
11/25/2015 0:00,Nov,2015,113.49,0.004587766,1.194925789,0.194925789,2088.870117,1.087936171,0.087936171
11/27/2015 0:00,Nov,2015,110.11,0,1.194925789,0.194925789,2090.110107,1.088581989,0.088581989
11/30/2015 0:00,Nov,2015,108.52,0,1.194925789,0.194925789,2080.409912,1.083529883,0.083529883
12/1/2015 0:00,Dec,2015,110.35,0.012647438,1.210038539,0.210038539,2102.629883,1.095102603,0.095102603
12/2/2015 0:00,Dec,2015,109.02,0,1.210038539,0.210038539,2079.51001,1.083061191,0.083061191
12/3/2015 0:00,Dec,2015,107.01,0,1.210038539,0.210038539,2049.620117,1.067493782,0.067493782
12/4/2015 0:00,Dec,2015,109.25,0.015699467,1.2290355,0.2290355,2091.689941,1.089404806,0.089404806
12/7/2015 0:00,Dec,2015,108.86,0,1.2290355,0.2290355,2077.070068,1.081790408,0.081790408
12/8/2015 0:00,Dec,2015,107.57,0,1.2290355,0.2290355,2063.590088,1.074769695,0.074769695
12/9/2015 0:00,Dec,2015,106.6,0,1.2290355,0.2290355,2047.619995,1.066452068,0.066452068
12/10/2015 0:00,Dec,2015,106.6,0,1.2290355,0.2290355,2052.22998,1.068853064,0.068853064
12/11/2015 0:00,Dec,2015,103.99,0,1.2290355,0.2290355,2012.369995,1.04809298,0.04809298
12/14/2015 0:00,Dec,2015,105.25,0.009087412,1.240204252,0.240204252,2021.939941,1.053077249,0.053077249
12/15/2015 0:00,Dec,2015,107.95,0.019239905,1.264065664,0.264065664,2043.410034,1.064259414,0.064259414
12/16/2015 0:00,Dec,2015,109.52,0.010907828,1.277853874,0.277853874,2073.070068,1.079707107,0.079707107
12/17/2015 0:00,Dec,2015,107.81,0,1.277853874,0.277853874,2041.890015,1.06346775,0.06346775
12/18/2015 0:00,Dec,2015,103.68,0,1.277853874,0.277853874,2005.550049,1.04454098,0.04454098
12/21/2015 0:00,Dec,2015,102.59,0,1.277853874,0.277853874,2021.150024,1.05266584,0.05266584
12/22/2015 0:00,Dec,2015,102.74,0.001096598,1.279255167,0.279255167,2038.969971,1.061946918,0.061946918
12/23/2015 0:00,Dec,2015,101.6,0,1.279255167,0.279255167,2064.290039,1.075134247,0.075134247
12/24/2015 0:00,Dec,2015,101.89,0.002140748,1.28199373,0.28199373,2060.98999,1.073415498,0.073415498
12/28/2015 0:00,Dec,2015,103.23,0.009863578,1.294638775,0.294638775,2056.5,1.071076998,0.071076998
12/29/2015 0:00,Dec,2015,103.06,0,1.294638775,0.294638775,2078.360107,1.082462293,0.082462293
12/30/2015 0:00,Dec,2015,102.35,0,1.294638775,0.294638775,2063.360107,1.074649915,0.074649915
12/31/2015 0:00,Dec,2015,101.14,0,1.294638775,0.294638775,2043.939941,1.064535403,0.064535403
1/4/2016 0:00,Jan,2016,99.12,0,1.294638775,0.294638775,2012.660034,1.04824404,0.04824404
1/5/2016 0:00,Jan,2016,97.11,0,1.294638775,0.294638775,2016.709961,1.050353344,0.050353344
1/6/2016 0:00,Jan,2016,96.6,0,1.294638775,0.294638775,1990.26001,1.036577543,0.036577543
1/7/2016 0:00,Jan,2016,95.77,0,1.294638775,0.294638775,1943.089966,1.012010196,0.012010196
1/8/2016 0:00,Jan,2016,95.53,0,1.294638775,0.294638775,1922.030029,1.00104165,0.00104165
1/11/2016 0:00,Jan,2016,96.17,0.0050246,1.301143817,0.301143817,1923.670044,1.001895811,0.001895811
1/12/2016 0:00,Jan,2016,97.65,0.011542061,1.316161698,0.316161698,1938.680054,1.009713403,0.009713403
1/13/2016 0:00,Jan,2016,94.79,0,1.316161698,0.316161698,1890.280029,0.984505451,-0.015494549
1/14/2016 0:00,Jan,2016,95.39,0.004747336,1.32240996,0.32240996,1921.839966,1.000942661,0.000942661
1/15/2016 0:00,Jan,2016,90.38,0,1.32240996,0.32240996,1880.329956,0.979323202,-0.020676798
1/19/2016 0:00,Jan,2016,90.44,0.000497898,1.323068385,0.323068385,1881.329956,0.979844027,-0.020155973
1/20/2016 0:00,Jan,2016,89.07,0,1.323068385,0.323068385,1859.329956,0.968385873,-0.031614127
1/21/2016 0:00,Jan,2016,90.49,0.011956888,1.338888165,0.338888165,1868.98999,0.973417062,-0.026582938
1/22/2016 0:00,Jan,2016,93.26,0.022958338,1.369626812,0.369626812,1906.900024,0.993161563,-0.006838437
1/25/2016 0:00,Jan,2016,91.72,0,1.369626812,0.369626812,1877.079956,0.97763052,-0.02236948
1/26/2016 0:00,Jan,2016,92.66,0.007686437,1.380154362,0.380154362,1903.630005,0.991458454,-0.008541546
1/27/2016 0:00,Jan,2016,90.78,0,1.380154362,0.380154362,1882.949951,0.980687761,-0.019312239
1/28/2016 0:00,Jan,2016,90.02,0,1.380154362,0.380154362,1893.359985,0.986109569,-0.013890431
1/29/2016 0:00,Jan,2016,92.23,0.018412575,1.405566558,0.405566558,1940.23999,1.010525857,0.010525857
2/1/2016 0:00,Feb,2016,91.58,0,1.405566558,0.405566558,1939.380005,1.010077955,0.010077955
2/2/2016 0:00,Feb,2016,89.63,0,1.405566558,0.405566558,1903.030029,0.991145972,-0.008854028
2/3/2016 0:00,Feb,2016,91.57,0.016233404,1.428383688,0.428383688,1912.530029,0.996093811,-0.003906189
2/4/2016 0:00,Feb,2016,91.85,0.002293328,1.431659439,0.431659439,1915.449951,0.99761458,-0.00238542
2/5/2016 0:00,Feb,2016,90.38,0,1.431659439,0.431659439,1880.050049,0.979177419,-0.020822581
2/8/2016 0:00,Feb,2016,88.66,0,1.431659439,0.431659439,1853.439941,0.965318205,-0.034681795
2/9/2016 0:00,Feb,2016,88.86,0.001691857,1.434081602,0.434081602,1852.209961,0.9646776,-0.0353224
2/10/2016 0:00,Feb,2016,85.52,0,1.434081602,0.434081602,1851.859985,0.964495324,-0.035504676
2/11/2016 0:00,Feb,2016,86.92,0.01227783,1.451689012,0.451689012,1829.079956,0.952630911,-0.047369089
2/12/2016 0:00,Feb,2016,87.73,0.006989185,1.461835135,0.461835135,1864.780029,0.971224408,-0.028775592
2/16/2016 0:00,Feb,2016,89.42,0.014447737,1.482955345,0.482955345,1895.579956,0.987265786,-0.012734214
2/17/2016 0:00,Feb,2016,91.92,0.020968463,1.51405064,0.51405064,1926.819946,1.00353636,0.00353636
2/18/2016 0:00,Feb,2016,91.6,0,1.51405064,0.51405064,1917.829956,0.998854147,-0.001145853
2/19/2016 0:00,Feb,2016,91.45,0,1.51405064,0.51405064,1917.780029,0.998828143,-0.001171857
2/22/2016 0:00,Feb,2016,92.75,0.010661564,1.530192788,0.530192788,1945.5,1.013265402,0.013265402
2/23/2016 0:00,Feb,2016,91.8,0,1.530192788,0.530192788,1921.27002,1.000645819,0.000645819
2/24/2016 0:00,Feb,2016,91.85,0.000408497,1.530817866,0.530817866,1929.800049,1.005088472,0.005088472
2/25/2016 0:00,Feb,2016,92.06,0.001714752,1.53344284,0.53344284,1951.699951,1.016494493,0.016494493
2/26/2016 0:00,Feb,2016,91.73,0,1.53344284,0.53344284,1948.050049,1.014593532,0.014593532
2/29/2016 0:00,Feb,2016,91.94,0.001716996,1.536075754,0.536075754,1932.22998,1.006354042,0.006354042
3/1/2016 0:00,Mar,2016,93.99,0.016722863,1.561763338,0.561763338,1978.349976,1.030374497,0.030374497
3/2/2016 0:00,Mar,2016,93.36,0,1.561763338,0.561763338,1986.449951,1.034593168,0.034593168
3/3/2016 0:00,Mar,2016,95.11,0.014058483,1.583719362,0.583719362,1993.400024,1.038212941,0.038212941
3/4/2016 0:00,Mar,2016,94.79,0,1.583719362,0.583719362,1999.98999,1.041645162,0.041645162
3/7/2016 0:00,Mar,2016,95.66,0.006883638,1.594621112,0.594621112,2001.76001,1.042567033,0.042567033
3/8/2016 0:00,Mar,2016,94.15,0,1.594621112,0.594621112,1979.26001,1.030848466,0.030848466
3/9/2016 0:00,Mar,2016,94,0,1.594621112,0.594621112,1989.26001,1.036056718,0.036056718
3/10/2016 0:00,Mar,2016,93.4,0,1.594621112,0.594621112,1989.569946,1.03621814,0.03621814
3/11/2016 0:00,Mar,2016,94.27,0.006986081,1.605761265,0.605761265,2022.189941,1.053207455,0.053207455
3/14/2016 0:00,Mar,2016,95.1,0.006603373,1.616364706,0.616364706,2019.640015,1.05187939,0.05187939
3/15/2016 0:00,Mar,2016,94.55,0,1.616364706,0.616364706,2015.930054,1.049947149,0.049947149
3/16/2016 0:00,Mar,2016,94.75,0.001586462,1.618929008,0.618929008,2027.219971,1.055827222,0.055827222
3/17/2016 0:00,Mar,2016,95.86,0.00878628,1.633153371,0.633153371,2040.589966,1.062790652,0.062790652
3/18/2016 0:00,Mar,2016,95.48,0,1.633153371,0.633153371,2049.580078,1.067472929,0.067472929
3/21/2016 0:00,Mar,2016,94.77,0,1.633153371,0.633153371,2051.600098,1.068525006,0.068525006
3/22/2016 0:00,Mar,2016,93.92,0,1.633153371,0.633153371,2049.800049,1.067587495,0.067587495
3/23/2016 0:00,Mar,2016,93.2,0,1.633153371,0.633153371,2036.709961,1.060769847,0.060769847
3/24/2016 0:00,Mar,2016,93.57,0.002977468,1.638016032,0.638016032,2035.939941,1.060368802,0.060368802
3/28/2016 0:00,Mar,2016,94.41,0.006732927,1.649044675,0.649044675,2037.050049,1.060946974,0.060946974
3/29/2016 0:00,Mar,2016,94.48,0.000556085,1.649961684,0.649961684,2055.01001,1.070300974,0.070300974
3/30/2016 0:00,Mar,2016,95.2,0.005715495,1.659392033,0.659392033,2063.949951,1.07495712,0.07495712
3/31/2016 0:00,Mar,2016,95.58,0.002993697,1.66435975,0.66435975,2059.73999,1.072764467,0.072764467
4/1/2016 0:00,Apr,2016,95.35,0,1.66435975,0.66435975,2072.780029,1.079556047,0.079556047
4/4/2016 0:00,Apr,2016,94.98,0,1.66435975,0.66435975,2066.129883,1.076092484,0.076092484
4/5/2016 0:00,Apr,2016,93.36,0,1.66435975,0.66435975,2045.170044,1.065176072,0.065176072
4/6/2016 0:00,Apr,2016,93.82,0.003695373,1.67051018,0.67051018,2066.659912,1.076368536,0.076368536
4/7/2016 0:00,Apr,2016,92.55,0,1.67051018,0.67051018,2041.910034,1.063478176,0.063478176
4/8/2016 0:00,Apr,2016,92.8,0.002025932,1.67389452,0.67389452,2047.599976,1.066441642,0.066441642
4/11/2016 0:00,Apr,2016,92.66,0,1.67389452,0.67389452,2041.98999,1.06351982,0.06351982
4/12/2016 0:00,Apr,2016,93.7,0.008417872,1.687985149,0.687985149,2061.719971,1.073795691,0.073795691
4/13/2016 0:00,Apr,2016,95.75,0.016408751,1.715682878,0.715682878,2082.419922,1.084576746,0.084576746
4/14/2016 0:00,Apr,2016,94.93,0,1.715682878,0.715682878,2082.780029,1.084764299,0.084764299
4/15/2016 0:00,Apr,2016,94.89,0,1.715682878,0.715682878,2080.72998,1.083696582,0.083696582
4/18/2016 0:00,Apr,2016,97.67,0.021972811,1.753381253,0.753381253,2094.340088,1.090785069,0.090785069
4/19/2016 0:00,Apr,2016,98.79,0.008600389,1.768461014,0.768461014,2100.800049,1.09414958,0.09414958
4/20/2016 0:00,Apr,2016,99.4,0.004631036,1.77665082,0.77665082,2102.399902,1.094982823,0.094982823
4/21/2016 0:00,Apr,2016,99.05,0,1.77665082,0.77665082,2091.47998,1.089295453,0.089295453
4/22/2016 0:00,Apr,2016,99.88,0.006284705,1.787816545,0.787816545,2091.580078,1.089347586,0.089347586
4/25/2016 0:00,Apr,2016,100.65,0.005781938,1.79815359,0.79815359,2087.790039,1.087373639,0.087373639
4/26/2016 0:00,Apr,2016,100.96,0.002309985,1.802307298,0.802307298,2091.699951,1.089410019,0.089410019
4/27/2016 0:00,Apr,2016,101.33,0.002748613,1.807261144,0.807261144,2095.149902,1.091206841,0.091206841
4/28/2016 0:00,Apr,2016,100.13,0,1.807261144,0.807261144,2075.810059,1.081134163,0.081134163
4/29/2016 0:00,Apr,2016,99.39,0,1.807261144,0.807261144,2065.300049,1.075660285,0.075660285
5/2/2016 0:00,May,2016,100.45,0.007998793,1.821717051,0.821717051,2081.429932,1.084061135,0.084061135
5/3/2016 0:00,May,2016,99.89,0,1.821717051,0.821717051,2063.370117,1.074655128,0.074655128
5/4/2016 0:00,May,2016,99.78,0,1.821717051,0.821717051,2051.120117,1.06827502,0.06827502
5/5/2016 0:00,May,2016,100.99,0.009095009,1.838285584,0.838285584,2050.629883,1.068019693,0.068019693
5/6/2016 0:00,May,2016,101.58,0.004381622,1.846340257,0.846340257,2057.139893,1.071410271,0.071410271
5/9/2016 0:00,May,2016,101.39,0,1.846340257,0.846340257,2058.689941,1.072217575,0.072217575
5/10/2016 0:00,May,2016,102.6,0.008950587,1.862866086,0.862866086,2084.389893,1.085602757,0.085602757
5/11/2016 0:00,May,2016,98.45,0,1.862866086,0.862866086,2064.459961,1.075222746,0.075222746
5/12/2016 0:00,May,2016,97.89,0,1.862866086,0.862866086,2064.110107,1.075040534,0.075040534
5/13/2016 0:00,May,2016,96.75,0,1.862866086,0.862866086,2046.609985,1.065926029,0.065926029
5/16/2016 0:00,May,2016,96.6,0,1.862866086,0.862866086,2066.659912,1.076368536,0.076368536
5/17/2016 0:00,May,2016,96.19,0,1.862866086,0.862866086,2047.209961,1.066238512,0.066238512
5/18/2016 0:00,May,2016,95.29,0,1.862866086,0.862866086,2047.630005,1.066457281,0.066457281
5/19/2016 0:00,May,2016,94.72,0,1.862866086,0.862866086,2040.040039,1.062504236,0.062504236
5/20/2016 0:00,May,2016,96.04,0.010451858,1.882336498,0.882336498,2052.320068,1.068899984,0.068899984
5/23/2016 0:00,May,2016,95.46,0,1.882336498,0.882336498,2048.040039,1.066670837,0.066670837
5/24/2016 0:00,May,2016,95.78,0.002514142,1.887068959,0.887068959,2076.060059,1.08126437,0.08126437
5/25/2016 0:00,May,2016,96.11,0.002584047,1.891945233,0.891945233,2090.540039,1.088805908,0.088805908
5/26/2016 0:00,May,2016,96.07,0,1.891945233,0.891945233,2090.100098,1.088576776,0.088576776
5/27/2016 0:00,May,2016,96.53,0.003591131,1.898739458,0.898739458,2099.060059,1.093243349,0.093243349
5/31/2016 0:00,May,2016,95.5,0,1.898739458,0.898739458,2096.949951,1.092144352,0.092144352
6/1/2016 0:00,Jun,2016,94.82,0,1.898739458,0.898739458,2099.330078,1.093383982,0.093383982
6/2/2016 0:00,Jun,2016,95.02,0.001581945,1.901743158,0.901743158,2105.26001,1.09647244,0.09647244
6/3/2016 0:00,Jun,2016,95.05,0.000236792,1.902193476,0.902193476,2099.129883,1.093279715,0.093279715
6/6/2016 0:00,Jun,2016,95.07,0.000157812,1.902493665,0.902493665,2109.409912,1.098633813,0.098633813
6/7/2016 0:00,Jun,2016,94.66,0,1.902493665,0.902493665,2112.129883,1.100050442,0.100050442
6/8/2016 0:00,Jun,2016,94.36,0,1.902493665,0.902493665,2119.120117,1.103691132,0.103691132
6/9/2016 0:00,Jun,2016,94.17,0,1.902493665,0.902493665,2115.47998,1.101795257,0.101795257
6/10/2016 0:00,Jun,2016,93.69,0,1.902493665,0.902493665,2096.070068,1.091686086,0.091686086
6/13/2016 0:00,Jun,2016,93.91,0.001761127,1.905844198,0.905844198,2079.060059,1.082826845,0.082826845
6/14/2016 0:00,Jun,2016,94.71,0.006389096,1.918020819,0.918020819,2075.320068,1.080878964,0.080878964
6/15/2016 0:00,Jun,2016,94.58,0,1.918020819,0.918020819,2071.5,1.078889376,0.078889376
6/16/2016 0:00,Jun,2016,94.69,0.000872277,1.919693866,0.919693866,2077.98999,1.082269526,0.082269526
6/17/2016 0:00,Jun,2016,95.29,0.00475235,1.928816922,0.928816922,2071.219971,1.07874353,0.07874353
6/20/2016 0:00,Jun,2016,95.83,0.004250184,1.937014749,0.937014749,2083.25,1.085009072,0.085009072
6/21/2016 0:00,Jun,2016,95.11,0,1.937014749,0.937014749,2088.899902,1.087951683,0.087951683
6/22/2016 0:00,Jun,2016,95.08,0,1.937014749,0.937014749,2085.449951,1.086154862,0.086154862
6/23/2016 0:00,Jun,2016,95.31,0.001814262,1.940529,0.940529,2113.320068,1.100670321,0.100670321
6/24/2016 0:00,Jun,2016,92.13,0,1.940529,0.940529,2037.410034,1.061134463,0.061134463
6/27/2016 0:00,Jun,2016,90.84,0,1.940529,0.940529,2000.540039,1.041931641,0.041931641
6/28/2016 0:00,Jun,2016,92.45,0.013292602,1.966323681,0.966323681,2036.089966,1.060446938,0.060446938
6/29/2016 0:00,Jun,2016,93.34,0.007220119,1.980520772,0.980520772,2070.77002,1.078509184,0.078509184
6/30/2016 0:00,Jun,2016,94.15,0.006508464,1.993410919,0.993410919,2098.860107,1.093139209,0.093139209
7/1/2016 0:00,Jul,2016,94.35,0.001593202,1.996586826,0.996586826,2102.949951,1.095269303,0.095269303
7/5/2016 0:00,Jul,2016,94,0,1.996586826,0.996586826,2088.550049,1.087769471,0.087769471
7/6/2016 0:00,Jul,2016,94.76,0.00606383,2.008693789,1.008693789,2099.72998,1.093592261,0.093592261
7/7/2016 0:00,Jul,2016,95.4,0.005065428,2.018868683,1.018868683,2097.899902,1.09263911,0.09263911
7/8/2016 0:00,Jul,2016,96.57,0.009198113,2.037438466,1.037438466,2129.899902,1.109305516,0.109305516
7/11/2016 0:00,Jul,2016,96.92,0.002718235,2.042976704,1.042976704,2137.159912,1.113086712,0.113086712
7/12/2016 0:00,Jul,2016,97.14,0.001702435,2.046454739,1.046454739,2152.139893,1.120888663,0.120888663
7/13/2016 0:00,Jul,2016,96.83,0,2.046454739,1.046454739,2152.429932,1.121039723,0.121039723
7/14/2016 0:00,Jul,2016,96.91,0.000619643,2.047722809,1.047722809,2163.75,1.1269355,0.1269355
7/15/2016 0:00,Jul,2016,96.75,0,2.047722809,1.047722809,2161.73999,1.125888636,0.125888636
7/18/2016 0:00,Jul,2016,97.09,0.002635659,2.053119908,1.053119908,2166.889893,1.128570835,0.128570835
7/19/2016 0:00,Jul,2016,96.43,0,2.053119908,1.053119908,2163.780029,1.126951139,0.126951139
7/20/2016 0:00,Jul,2016,95.22,0,2.053119908,1.053119908,2173.02002,1.13176356,0.13176356
7/21/2016 0:00,Jul,2016,95.01,0,2.053119908,1.053119908,2165.169922,1.127675031,0.127675031
7/22/2016 0:00,Jul,2016,94.72,0,2.053119908,1.053119908,2175.030029,1.132810423,0.132810423
7/25/2016 0:00,Jul,2016,94.41,0,2.053119908,1.053119908,2168.47998,1.129398992,0.129398992
7/26/2016 0:00,Jul,2016,93.73,0,2.053119908,1.053119908,2169.179932,1.129763545,0.129763545
7/27/2016 0:00,Jul,2016,93.39,0,2.053119908,1.053119908,2166.580078,1.128409476,0.128409476
7/28/2016 0:00,Jul,2016,92.98,0,2.053119908,1.053119908,2170.060059,1.130221937,0.130221937
7/29/2016 0:00,Jul,2016,93.02,0.00032265,2.053782347,1.053782347,2173.600098,1.132065679,0.132065679
8/1/2016 0:00,Aug,2016,92.62,0,2.053782347,1.053782347,2170.840088,1.130628196,0.130628196
8/2/2016 0:00,Aug,2016,92.11,0,2.053782347,1.053782347,2157.030029,1.123435569,0.123435569
8/3/2016 0:00,Aug,2016,93.15,0.008468136,2.071174055,1.071174055,2163.790039,1.126956353,0.126956353
8/4/2016 0:00,Aug,2016,92.25,0,2.071174055,1.071174055,2164.25,1.127195912,0.127195912
8/5/2016 0:00,Aug,2016,92.9,0.005284553,2.082119284,1.082119284,2182.870117,1.136893738,0.136893738
8/8/2016 0:00,Aug,2016,92.82,0,2.082119284,1.082119284,2180.889893,1.135862388,0.135862388
8/9/2016 0:00,Aug,2016,93.71,0.007191338,2.097092508,1.097092508,2181.73999,1.13630514,0.13630514
8/10/2016 0:00,Aug,2016,94.87,0.009283961,2.116561833,1.116561833,2175.48999,1.133049982,0.133049982
8/11/2016 0:00,Aug,2016,94.78,0,2.116561833,1.116561833,2185.790039,1.138414507,0.138414507
8/12/2016 0:00,Aug,2016,93.88,0,2.116561833,1.116561833,2184.050049,1.137508276,0.137508276
8/15/2016 0:00,Aug,2016,94.13,0.001997231,2.120789095,1.120789095,2190.149902,1.140685234,0.140685234
8/16/2016 0:00,Aug,2016,93.92,0,2.120789095,1.120789095,2178.149902,1.134435331,0.134435331
8/17/2016 0:00,Aug,2016,93.91,0,2.120789095,1.120789095,2182.219971,1.136555126,0.136555126
8/18/2016 0:00,Aug,2016,93.7,0,2.120789095,1.120789095,2187.02002,1.139055112,0.139055112
8/19/2016 0:00,Aug,2016,93.44,0,2.120789095,1.120789095,2183.870117,1.137414563,0.137414563
8/22/2016 0:00,Aug,2016,92.94,0,2.120789095,1.120789095,2182.639893,1.136773832,0.136773832
8/23/2016 0:00,Aug,2016,93.04,0.000806972,2.122500513,1.122500513,2186.899902,1.138992552,0.138992552
8/24/2016 0:00,Aug,2016,92.89,0,2.122500513,1.122500513,2175.439941,1.133023915,0.133023915
8/25/2016 0:00,Aug,2016,92.63,0,2.122500513,1.122500513,2172.469971,1.13147708,0.13147708
8/26/2016 0:00,Aug,2016,92.3,0,2.122500513,1.122500513,2169.040039,1.129690685,0.129690685
8/29/2016 0:00,Aug,2016,91.97,0,2.122500513,1.122500513,2180.379883,1.135596762,0.135596762
8/30/2016 0:00,Aug,2016,91.96,0,2.122500513,1.122500513,2176.120117,1.133378168,0.133378168
8/31/2016 0:00,Aug,2016,91.57,0,2.122500513,1.122500513,2170.949951,1.130685415,0.130685415
9/1/2016 0:00,Sep,2016,91.38,0,2.122500513,1.122500513,2170.860107,1.130638622,0.130638622
9/2/2016 0:00,Sep,2016,91.53,0.001231123,2.125113572,1.125113572,2179.97998,1.135388482,0.135388482
9/6/2016 0:00,Sep,2016,90.93,0,2.125113572,1.125113572,2186.47998,1.138773846,0.138773846
9/7/2016 0:00,Sep,2016,90.85,0,2.125113572,1.125113572,2186.159912,1.138607146,0.138607146
9/8/2016 0:00,Sep,2016,91.21,0.002971932,2.131429264,1.131429264,2181.300049,1.136076007,0.136076007
9/9/2016 0:00,Sep,2016,89.59,0,2.131429264,1.131429264,2127.810059,1.108217073,0.108217073
9/12/2016 0:00,Sep,2016,90.78,0.009962049,2.152662668,1.152662668,2159.040039,1.124482433,0.124482433
9/13/2016 0:00,Sep,2016,89.87,0,2.152662668,1.152662668,2127.02002,1.107805601,0.107805601
9/14/2016 0:00,Sep,2016,89.44,0,2.152662668,1.152662668,2125.77002,1.107154569,0.107154569
9/15/2016 0:00,Sep,2016,89.67,0.001928667,2.156814438,1.156814438,2147.26001,1.118347097,0.118347097
9/16/2016 0:00,Sep,2016,89.73,0.00050184,2.157896814,1.157896814,2139.159912,1.114128362,0.114128362
9/19/2016 0:00,Sep,2016,89.8,0.000585089,2.159159375,1.159159375,2139.120117,1.114107636,0.114107636
9/20/2016 0:00,Sep,2016,90.11,0.002589087,2.164749626,1.164749626,2139.76001,1.114440909,0.114440909
9/21/2016 0:00,Sep,2016,89.57,0,2.164749626,1.164749626,2163.120117,1.126607441,0.126607441
9/22/2016 0:00,Sep,2016,90.55,0.008205873,2.182513285,1.182513285,2177.179932,1.133930146,0.133930146
9/23/2016 0:00,Sep,2016,90.42,0,2.182513285,1.182513285,2164.689941,1.127425045,0.127425045
9/26/2016 0:00,Sep,2016,89.15,0,2.182513285,1.182513285,2146.100098,1.117742986,0.117742986
9/27/2016 0:00,Sep,2016,88.92,0,2.182513285,1.182513285,2159.929932,1.124945912,0.124945912
9/28/2016 0:00,Sep,2016,89.38,0.003879892,2.190981201,1.190981201,2171.370117,1.130904248,0.130904248
9/29/2016 0:00,Sep,2016,88.99,0,2.190981201,1.190981201,2151.129883,1.120362625,0.120362625
9/30/2016 0:00,Sep,2016,90.02,0.008680751,2.210000563,1.210000563,2168.27002,1.12928964,0.12928964
10/3/2016 0:00,Oct,2016,89.66,0,2.210000563,1.210000563,2161.199951,1.12560737,0.12560737
10/4/2016 0:00,Oct,2016,89.76,0.000836493,2.211849213,1.211849213,2150.48999,1.120029352,0.120029352
10/5/2016 0:00,Oct,2016,89.62,0,2.211849213,1.211849213,2159.72998,1.124841772,0.124841772
10/6/2016 0:00,Oct,2016,89.99,0.003096407,2.218697999,1.218697999,2160.77002,1.125383451,0.125383451
10/7/2016 0:00,Oct,2016,89.66,0,2.218697999,1.218697999,2153.73999,1.121722034,0.121722034
10/10/2016 0:00,Oct,2016,89.66,0,2.218697999,1.218697999,2163.659912,1.12688858,0.12688858
10/11/2016 0:00,Oct,2016,89.05,0,2.218697999,1.218697999,2136.72998,1.112862793,0.112862793
10/12/2016 0:00,Oct,2016,88.62,0,2.218697999,1.218697999,2139.179932,1.114138789,0.114138789
10/13/2016 0:00,Oct,2016,88.33,0,2.218697999,1.218697999,2132.550049,1.110685779,0.110685779
10/14/2016 0:00,Oct,2016,88.51,0.00152836,2.222088967,1.222088967,2132.97998,1.110909698,0.110909698
10/17/2016 0:00,Oct,2016,88.05,0,2.222088967,1.222088967,2126.5,1.107534761,0.107534761
10/18/2016 0:00,Oct,2016,88.38,0.002810903,2.228335044,1.228335044,2139.600098,1.114357622,0.114357622
10/19/2016 0:00,Oct,2016,89.12,0.006279701,2.242328322,1.242328322,2144.290039,1.116800262,0.116800262
10/20/2016 0:00,Oct,2016,89.22,0.000841562,2.24421538,1.24421538,2141.340088,1.115263853,0.115263853
10/21/2016 0:00,Oct,2016,90.19,0.008154001,2.262514715,1.262514715,2141.159912,1.115170013,0.115170013
10/24/2016 0:00,Oct,2016,90.52,0.002744207,2.268723523,1.268723523,2151.330078,1.120466891,0.120466891
10/25/2016 0:00,Oct,2016,89.91,0,2.268723523,1.268723523,2143.159912,1.116211663,0.116211663
10/26/2016 0:00,Oct,2016,90.63,0.006006006,2.28234949,1.28234949,2139.429932,1.114268996,0.114268996
10/27/2016 0:00,Oct,2016,91.15,0.004303211,2.292170922,1.292170922,2133.040039,1.110940978,0.110940978
10/28/2016 0:00,Oct,2016,90.98,0,2.292170922,1.292170922,2126.409912,1.107487841,0.107487841
10/31/2016 0:00,Oct,2016,89.86,0,2.292170922,1.292170922,2126.149902,1.107352422,0.107352422
11/1/2016 0:00,Nov,2016,89.57,0,2.292170922,1.292170922,2111.719971,1.09983695,0.09983695
11/2/2016 0:00,Nov,2016,89.1,0,2.292170922,1.292170922,2097.939941,1.092659963,0.092659963
11/3/2016 0:00,Nov,2016,90.52,0.011952862,2.319568924,1.319568924,2088.659912,1.08782669,0.08782669
11/4/2016 0:00,Nov,2016,89.62,0,2.319568924,1.319568924,2085.179932,1.086014229,0.086014229
11/7/2016 0:00,Nov,2016,91.54,0.016067842,2.356839391,1.356839391,2131.52002,1.110149314,0.110149314
11/8/2016 0:00,Nov,2016,91.49,0,2.356839391,1.356839391,2139.560059,1.114336769,0.114336769
11/9/2016 0:00,Nov,2016,91.75,0.00213138,2.361862713,1.361862713,2163.26001,1.1266803,0.1266803
11/10/2016 0:00,Nov,2016,92.06,0.00253406,2.367847814,1.367847814,2167.47998,1.128878167,0.128878167
11/11/2016 0:00,Nov,2016,94.69,0.021426244,2.418581899,1.418581899,2164.449951,1.127300052,0.127300052
11/14/2016 0:00,Nov,2016,94.93,0.00190094,2.423179478,1.423179478,2164.199951,1.127169845,0.127169845
11/15/2016 0:00,Nov,2016,94.71,0,2.423179478,1.423179478,2180.389893,1.135601975,0.135601975
11/16/2016 0:00,Nov,2016,96.09,0.010928096,2.449660216,1.449660216,2176.939941,1.133805153,0.133805153
11/17/2016 0:00,Nov,2016,96.33,0.001873244,2.454249027,1.454249027,2187.120117,1.139107245,0.139107245
11/18/2016 0:00,Nov,2016,95.24,0,2.454249027,1.454249027,2181.899902,1.136388426,0.136388426
11/21/2016 0:00,Nov,2016,94.65,0,2.454249027,1.454249027,2198.179932,1.144867475,0.144867475
11/22/2016 0:00,Nov,2016,94.72,0.000554675,2.455610338,1.455610338,2202.939941,1.147346608,0.147346608
11/23/2016 0:00,Nov,2016,95.26,0.00427576,2.466109939,1.466109939,2204.719971,1.148273692,0.148273692
11/25/2016 0:00,Nov,2016,95.8,0.004251522,2.47659466,1.47659466,2213.350098,1.15276848,0.15276848
11/28/2016 0:00,Nov,2016,95.94,0.001096033,2.47930909,1.47930909,2201.719971,1.146711217,0.146711217
11/29/2016 0:00,Nov,2016,96.62,0.005315822,2.492488657,1.492488657,2204.659912,1.148242412,0.148242412
11/30/2016 0:00,Nov,2016,96.09,0,2.492488657,1.492488657,2198.810059,1.145195661,0.145195661
12/1/2016 0:00,Dec,2016,95.92,0,2.492488657,1.492488657,2191.080078,1.141169693,0.141169693
12/2/2016 0:00,Dec,2016,95.49,0,2.492488657,1.492488657,2191.949951,1.141622744,0.141622744
12/5/2016 0:00,Dec,2016,96.9,0.011074458,2.520091618,1.520091618,2204.709961,1.148268479,0.148268479
12/6/2016 0:00,Dec,2016,97.58,0.005263158,2.533355258,1.533355258,2212.22998,1.152185094,0.152185094
12/7/2016 0:00,Dec,2016,98.87,0.009914942,2.558473328,1.558473328,2241.350098,1.167351585,0.167351585
12/8/2016 0:00,Dec,2016,100.98,0.016005866,2.59942391,1.59942391,2246.189941,1.169872297,0.169872297
12/9/2016 0:00,Dec,2016,102.42,0.010695187,2.627225235,1.627225235,2259.530029,1.176820151,0.176820151
12/12/2016 0:00,Dec,2016,101.64,0,2.627225235,1.627225235,2256.959961,1.175481595,0.175481595
12/13/2016 0:00,Dec,2016,101.43,0,2.627225235,1.627225235,2271.719971,1.18316898,0.18316898
12/14/2016 0:00,Dec,2016,101.63,0.001478852,2.631110513,1.631110513,2253.280029,1.173564994,0.173564994
12/15/2016 0:00,Dec,2016,101.96,0.002435305,2.637518069,1.637518069,2262.030029,1.178122214,0.178122214
12/16/2016 0:00,Dec,2016,101.49,0,2.637518069,1.637518069,2258.070068,1.176059767,0.176059767
12/19/2016 0:00,Dec,2016,102.85,0.010050251,2.664025788,1.664025788,2262.530029,1.178382627,0.178382627
12/20/2016 0:00,Dec,2016,103.01,0.001166748,2.667134034,1.667134034,2270.76001,1.182669008,0.182669008
12/21/2016 0:00,Dec,2016,103.11,0.000728085,2.669075933,1.669075933,2265.179932,1.179762763,0.179762763
12/22/2016 0:00,Dec,2016,102.97,0,2.669075933,1.669075933,2260.959961,1.177564896,0.177564896
12/23/2016 0:00,Dec,2016,102.7,0,2.669075933,1.669075933,2263.790039,1.179038872,0.179038872
12/27/2016 0:00,Dec,2016,102.72,0.000146056,2.669465769,1.669465769,2268.879883,1.181689791,0.181689791
12/28/2016 0:00,Dec,2016,101.87,0,2.669465769,1.669465769,2249.919922,1.171814965,0.171814965
12/29/2016 0:00,Dec,2016,102.13,0.001914204,2.674575672,1.674575672,2249.26001,1.171471267,0.171471267
12/30/2016 0:00,Dec,2016,101.8,0,2.674575672,1.674575672,2238.830078,1.166039095,0.166039095
1/3/2017 0:00,Jan,2017,103.61,0.013334971,2.71024106,1.71024106,2257.830078,1.175934774,0.175934774
1/4/2017 0:00,Jan,2017,104.94,0.009627449,2.736333768,1.736333768,2270.75,1.182663795,0.182663795
1/5/2017 0:00,Jan,2017,104.88,0,2.736333768,1.736333768,2269,1.181752351,0.181752351
1/6/2017 0:00,Jan,2017,106.45,0.011227117,2.767054906,1.767054906,2276.97998,1.185908525,0.185908525
1/9/2017 0:00,Jan,2017,105.84,0,2.767054906,1.767054906,2268.899902,1.181700217,0.181700217
1/10/2017 0:00,Jan,2017,105.86,0.000141723,2.767447063,1.767447063,2268.899902,1.181700217,0.181700217
1/11/2017 0:00,Jan,2017,106.89,0.007297374,2.787642159,1.787642159,2275.320068,1.185044001,0.185044001
1/12/2017 0:00,Jan,2017,105.03,0,2.787642159,1.787642159,2270.439941,1.182502308,0.182502308
1/13/2017 0:00,Jan,2017,105.55,0.003713225,2.797993301,1.797993301,2274.639893,1.184689749,0.184689749
1/17/2017 0:00,Jan,2017,105.46,0,2.797993301,1.797993301,2267.889893,1.181174179,0.181174179
1/18/2017 0:00,Jan,2017,105.64,0.001280106,2.801575029,1.801575029,2271.889893,1.18325748,0.18325748
1/19/2017 0:00,Jan,2017,104.79,0,2.801575029,1.801575029,2263.689941,1.178986738,0.178986738
1/20/2017 0:00,Jan,2017,105.16,0.002648153,2.80899403,1.80899403,2271.310059,1.182955488,0.182955488
1/23/2017 0:00,Jan,2017,104.63,0,2.80899403,1.80899403,2265.199951,1.179773189,0.179773189
1/24/2017 0:00,Jan,2017,105.39,0.005447768,2.824296778,1.824296778,2280.070068,1.187517921,0.187517921
1/25/2017 0:00,Jan,2017,105.53,0.000996299,2.827110624,1.827110624,2298.370117,1.197049047,0.197049047
1/26/2017 0:00,Jan,2017,105.55,0.00014214,2.827512468,1.827512468,2296.679932,1.196168756,0.196168756
1/27/2017 0:00,Jan,2017,106.76,0.008597821,2.851822914,1.851822914,2294.689941,1.195132319,0.195132319
1/30/2017 0:00,Jan,2017,108.36,0.011240165,2.883877874,1.883877874,2280.899902,1.187950119,0.187950119
1/31/2017 0:00,Jan,2017,108.08,0,2.883877874,1.883877874,2278.870117,1.186892956,0.186892956
2/1/2017 0:00,Feb,2017,108.71,0.004371762,2.896485501,1.896485501,2279.550049,1.187247082,0.187247082
2/2/2017 0:00,Feb,2017,108.04,0,2.896485501,1.896485501,2280.850098,1.18792418,0.18792418
2/3/2017 0:00,Feb,2017,107.73,0,2.896485501,1.896485501,2297.419922,1.196554162,0.196554162
2/6/2017 0:00,Feb,2017,107.02,0,2.896485501,1.896485501,2292.560059,1.194023023,0.194023023
2/7/2017 0:00,Feb,2017,106.47,0,2.896485501,1.896485501,2293.080078,1.194293862,0.194293862
2/8/2017 0:00,Feb,2017,106.47,0,2.896485501,1.896485501,2294.669922,1.195121893,0.195121893
2/9/2017 0:00,Feb,2017,106.94,0.003310792,2.906075161,1.906075161,2307.870117,1.201996887,0.201996887
2/10/2017 0:00,Feb,2017,106.72,0,2.906075161,1.906075161,2316.100098,1.206283268,0.206283268
2/13/2017 0:00,Feb,2017,107.1,0.00267054,2.91383595,1.91383595,2328.25,1.212611243,0.212611243
2/14/2017 0:00,Feb,2017,107.76,0.004621849,2.927303259,1.927303259,2337.580078,1.217470583,0.217470583
2/15/2017 0:00,Feb,2017,107.62,0,2.927303259,1.927303259,2349.25,1.223548572,0.223548572
2/16/2017 0:00,Feb,2017,108.14,0.003623862,2.937911401,1.937911401,2347.219971,1.222491282,0.222491282
2/17/2017 0:00,Feb,2017,107.5,0,2.937911401,1.937911401,2351.159912,1.224543302,0.224543302
2/21/2017 0:00,Feb,2017,107.45,0,2.937911401,1.937911401,2365.379883,1.231949421,0.231949421
2/22/2017 0:00,Feb,2017,107.56,0.000767799,2.940167127,1.940167127,2362.820068,1.230616205,0.230616205
2/23/2017 0:00,Feb,2017,107.18,0,2.940167127,1.940167127,2363.810059,1.231131817,0.231131817
2/24/2017 0:00,Feb,2017,107.75,0.003988617,2.951894328,1.951894328,2367.340088,1.232970345,0.232970345
2/27/2017 0:00,Feb,2017,107.67,0,2.951894328,1.951894328,2369.75,1.234225488,0.234225488
2/28/2017 0:00,Feb,2017,107.53,0,2.951894328,1.951894328,2363.639893,1.231043191,0.231043191
3/1/2017 0:00,Mar,2017,108.46,0.006486562,2.971041973,1.971041973,2395.959961,1.247876296,0.247876296
3/2/2017 0:00,Mar,2017,108.02,0,2.971041973,1.971041973,2381.919922,1.24056389,0.24056389
3/3/2017 0:00,Mar,2017,108.65,0.00437419,2.984037875,1.984037875,2383.120117,1.241188982,0.241188982
3/6/2017 0:00,Mar,2017,108.1,0,2.984037875,1.984037875,2375.310059,1.237121307,0.237121307
3/7/2017 0:00,Mar,2017,108.28,0.001248844,2.987764472,1.987764472,2368.389893,1.23351711,0.23351711
3/8/2017 0:00,Mar,2017,108.26,0,2.987764472,1.987764472,2362.97998,1.230699491,0.230699491
3/9/2017 0:00,Mar,2017,108.45,0.001316276,2.991697194,1.991697194,2364.870117,1.231683922,0.231683922
3/10/2017 0:00,Mar,2017,108.34,0,2.991697194,1.991697194,2372.600098,1.235709891,0.235709891
3/13/2017 0:00,Mar,2017,108.93,0.004084364,3.003916374,2.003916374,2373.469971,1.236162943,0.236162943
3/14/2017 0:00,Mar,2017,109.7,0.00530157,3.019841847,2.019841847,2365.449951,1.231985914,0.231985914
3/15/2017 0:00,Mar,2017,109.27,0,3.019841847,2.019841847,2385.26001,1.242303492,0.242303492
3/16/2017 0:00,Mar,2017,109.11,0,3.019841847,2.019841847,2381.379883,1.240282624,0.240282624
3/17/2017 0:00,Mar,2017,109.16,0.00034369,3.020879736,2.020879736,2378.25,1.238652502,0.238652502
3/20/2017 0:00,Mar,2017,110.09,0.006389703,3.040182261,2.040182261,2373.469971,1.236162943,0.236162943
3/21/2017 0:00,Mar,2017,109.15,0,3.040182261,2.040182261,2344.02002,1.220824667,0.220824667
3/22/2017 0:00,Mar,2017,109.47,0.002198809,3.046867041,2.046867041,2348.449951,1.223131886,0.223131886
3/23/2017 0:00,Mar,2017,109.63,0.001096191,3.050206988,2.050206988,2345.959961,1.221835037,0.221835037
3/24/2017 0:00,Mar,2017,109.53,0,3.050206988,2.050206988,2343.97998,1.220803813,0.220803813
3/27/2017 0:00,Mar,2017,109.77,0.001643385,3.055219654,2.055219654,2341.590088,1.219559097,0.219559097
3/28/2017 0:00,Mar,2017,110.42,0.004441104,3.068788202,2.068788202,2358.570068,1.228402698,0.228402698
3/29/2017 0:00,Mar,2017,109.91,0,3.068788202,2.068788202,2361.129883,1.229735914,0.229735914
3/30/2017 0:00,Mar,2017,110.55,0.00436721,3.082190243,2.082190243,2368.060059,1.233345324,0.233345324
3/31/2017 0:00,Mar,2017,110.75,0.001356852,3.08637232,2.08637232,2362.719971,1.230564072,0.230564072
4/3/2017 0:00,Apr,2017,110.57,0,3.08637232,2.08637232,2358.840088,1.228543331,0.228543331
4/4/2017 0:00,Apr,2017,110.41,0,3.08637232,2.08637232,2360.159912,1.229230729,0.229230729
4/5/2017 0:00,Apr,2017,110.37,0,3.08637232,2.08637232,2352.949951,1.2254756,0.2254756
4/6/2017 0:00,Apr,2017,110.42,0.000339766,3.087420965,2.087420965,2357.48999,1.227840166,0.227840166
4/7/2017 0:00,Apr,2017,109.96,0,3.087420965,2.087420965,2355.540039,1.226824583,0.226824583
4/10/2017 0:00,Apr,2017,109.82,0,3.087420965,2.087420965,2357.159912,1.227668253,0.227668253
4/11/2017 0:00,Apr,2017,110.44,0.004234201,3.100493727,2.100493727,2353.780029,1.225907925,0.225907925
4/12/2017 0:00,Apr,2017,110.41,0,3.100493727,2.100493727,2344.929932,1.221298572,0.221298572
4/13/2017 0:00,Apr,2017,110.57,0.001086858,3.103863524,2.103863524,2328.949951,1.212975795,0.212975795
4/17/2017 0:00,Apr,2017,111.13,0.003798499,3.115653545,2.115653545,2349.01001,1.223423579,0.223423579
4/18/2017 0:00,Apr,2017,111.53,0.002699541,3.12406438,2.12406438,2342.189941,1.219871515,0.219871515
4/19/2017 0:00,Apr,2017,111.09,0,3.12406438,2.12406438,2338.169922,1.217777788,0.217777788
4/20/2017 0:00,Apr,2017,112.12,0.006953821,3.145788565,2.145788565,2355.840088,1.226980856,0.226980856
4/21/2017 0:00,Apr,2017,111.78,0,3.145788565,2.145788565,2348.689941,1.223256879,0.223256879
4/24/2017 0:00,Apr,2017,111.06,0,3.145788565,2.145788565,2374.149902,1.236517068,0.236517068
4/25/2017 0:00,Apr,2017,112.5,0.009724473,3.176379702,2.176379702,2388.610107,1.244048307,0.244048307
4/26/2017 0:00,Apr,2017,112.89,0.0026,3.184638289,2.184638289,2387.449951,1.243444069,0.243444069
4/27/2017 0:00,Apr,2017,113.15,0.001727345,3.190139259,2.190139259,2388.77002,1.244131594,0.244131594
4/28/2017 0:00,Apr,2017,112.91,0,3.190139259,2.190139259,2384.199951,1.241751387,0.241751387
5/1/2017 0:00,May,2017,112.06,0,3.190139259,2.190139259,2388.330078,1.243902461,0.243902461
5/2/2017 0:00,May,2017,111.71,0,3.190139259,2.190139259,2391.169922,1.245381523,0.245381523
5/3/2017 0:00,May,2017,109.02,0,3.190139259,2.190139259,2388.129883,1.243798194,0.243798194
5/4/2017 0:00,May,2017,108.58,0,3.190139259,2.190139259,2389.52002,1.244522213,0.244522213
5/5/2017 0:00,May,2017,109.39,0.005594953,3.207987938,2.207987938,2399.290039,1.249610685,0.249610685
5/8/2017 0:00,May,2017,108.83,0,3.207987938,2.207987938,2399.379883,1.249657478,0.249657478
5/9/2017 0:00,May,2017,109.46,0.004341634,3.221915847,2.221915847,2396.919922,1.248376268,0.248376268
5/10/2017 0:00,May,2017,107.11,0,3.221915847,2.221915847,2399.629883,1.249787684,0.249787684
5/11/2017 0:00,May,2017,107.03,0,3.221915847,2.221915847,2394.439941,1.247084631,0.247084631
5/12/2017 0:00,May,2017,107.14,0.000770812,3.224399338,2.224399338,2390.899902,1.24524089,0.24524089
5/15/2017 0:00,May,2017,106.59,0,3.224399338,2.224399338,2402.320068,1.2511888,0.2511888
5/16/2017 0:00,May,2017,105.47,0,3.224399338,2.224399338,2400.669922,1.250329362,0.250329362
5/17/2017 0:00,May,2017,103.84,0,3.224399338,2.224399338,2357.030029,1.227600607,0.227600607
5/18/2017 0:00,May,2017,104.2,0.002600154,3.232783273,2.232783273,2365.719971,1.232126548,0.232126548
5/19/2017 0:00,May,2017,105.02,0.005902111,3.25186352,2.25186352,2381.72998,1.240464964,0.240464964
5/22/2017 0:00,May,2017,105.13,0.000785565,3.254418069,2.254418069,2394.02002,1.246865926,0.246865926
5/23/2017 0:00,May,2017,104.53,0,3.254418069,2.254418069,2398.419922,1.249157506,0.249157506
5/24/2017 0:00,May,2017,105.21,0.004878982,3.270296316,2.270296316,2404.389893,1.252266817,0.252266817
5/25/2017 0:00,May,2017,104.78,0,3.270296316,2.270296316,2415.070068,1.257829321,0.257829321
5/26/2017 0:00,May,2017,105.89,0.007945219,3.296279535,2.296279535,2415.820068,1.25821994,0.25821994
5/30/2017 0:00,May,2017,105.82,0,3.296279535,2.296279535,2412.909912,1.256704258,0.256704258
5/31/2017 0:00,May,2017,105.43,0,3.296279535,2.296279535,2411.800049,1.256126213,0.256126213
6/1/2017 0:00,Jun,2017,105.69,0.001849568,3.30237623,2.30237623,2430.060059,1.265636486,0.265636486
6/2/2017 0:00,Jun,2017,104.69,0,3.30237623,2.30237623,2439.070068,1.270329126,0.270329126
6/5/2017 0:00,Jun,2017,104.04,0,3.30237623,2.30237623,2436.100098,1.26878229,0.26878229
6/6/2017 0:00,Jun,2017,103.05,0,3.30237623,2.30237623,2429.330078,1.265256294,0.265256294
6/7/2017 0:00,Jun,2017,103.46,0.002983988,3.312230482,2.312230482,2433.139893,1.267240541,0.267240541
6/8/2017 0:00,Jun,2017,101.89,0,3.312230482,2.312230482,2433.790039,1.267579154,0.267579154
6/9/2017 0:00,Jun,2017,103.16,0.009348317,3.343194262,2.343194262,2431.77002,1.266527077,0.266527077
6/12/2017 0:00,Jun,2017,104.55,0.010105661,3.37697945,2.37697945,2429.389893,1.265287447,0.265287447
6/13/2017 0:00,Jun,2017,104.08,0,3.37697945,2.37697945,2440.350098,1.270995798,0.270995798
6/14/2017 0:00,Jun,2017,103.67,0,3.37697945,2.37697945,2437.919922,1.269730101,0.269730101
6/15/2017 0:00,Jun,2017,103.52,0,3.37697945,2.37697945,2432.459961,1.266886415,0.266886415
6/16/2017 0:00,Jun,2017,103.06,0,3.37697945,2.37697945,2433.149902,1.267245754,0.267245754
6/19/2017 0:00,Jun,2017,102.92,0,3.37697945,2.37697945,2453.459961,1.277823744,0.277823744
6/20/2017 0:00,Jun,2017,101.52,0,3.37697945,2.37697945,2437.030029,1.269266622,0.269266622
6/21/2017 0:00,Jun,2017,102.36,0.006205674,3.397935883,2.397935883,2435.610107,1.268527091,0.268527091
6/22/2017 0:00,Jun,2017,101.8,0,3.397935883,2.397935883,2434.5,1.267948919,0.267948919
6/23/2017 0:00,Jun,2017,101.93,0.00095776,3.401190291,2.401190291,2438.300049,1.26992808,0.26992808
6/26/2017 0:00,Jun,2017,103.11,0.008682429,3.430720885,2.430720885,2439.070068,1.270329126,0.270329126
6/27/2017 0:00,Jun,2017,102.96,0,3.430720885,2.430720885,2419.379883,1.260073981,0.260073981
6/28/2017 0:00,Jun,2017,104.37,0.010270979,3.465957747,2.465957747,2440.689941,1.271172796,0.271172796
6/29/2017 0:00,Jun,2017,103.25,0,3.465957747,2.465957747,2419.699951,1.260240681,0.260240681
6/30/2017 0:00,Jun,2017,103.78,0.003849879,3.479301265,2.479301265,2423.409912,1.262172922,0.262172922
7/3/2017 0:00,Jul,2017,104.96,0.008527655,3.508971544,2.508971544,2429.01001,1.265089594,0.265089594
7/5/2017 0:00,Jul,2017,103.17,0,3.508971544,2.508971544,2432.540039,1.266928122,0.266928122
7/6/2017 0:00,Jul,2017,101.71,0,3.508971544,2.508971544,2409.75,1.255058496,0.255058496
7/7/2017 0:00,Jul,2017,101.68,0,3.508971544,2.508971544,2425.179932,1.263094793,0.263094793
7/10/2017 0:00,Jul,2017,101.94,0.001917781,3.515700984,2.515700984,2427.429932,1.26426665,0.26426665
7/11/2017 0:00,Jul,2017,102.19,0.001839317,3.522167474,2.522167474,2425.530029,1.263277132,0.263277132
7/12/2017 0:00,Jul,2017,102.72,0.003889813,3.535868047,2.535868047,2443.25,1.27250614,0.27250614
7/13/2017 0:00,Jul,2017,102.63,0,3.535868047,2.535868047,2447.830078,1.27489156,0.27489156
7/14/2017 0:00,Jul,2017,103.42,0.005773166,3.556281199,2.556281199,2459.27002,1.280849769,0.280849769
7/17/2017 0:00,Jul,2017,103.13,0,3.556281199,2.556281199,2459.139893,1.280781996,0.280781996
7/18/2017 0:00,Jul,2017,104.07,0.006836032,3.580592052,2.580592052,2460.610107,1.281547721,0.281547721
7/19/2017 0:00,Jul,2017,105.12,0.007567022,3.607686471,2.607686471,2473.830078,1.288433014,0.288433014
7/20/2017 0:00,Jul,2017,105.65,0.003781393,3.621328551,2.621328551,2473.449951,1.288235035,0.288235035
7/21/2017 0:00,Jul,2017,105.39,0,3.621328551,2.621328551,2472.540039,1.28776113,0.28776113
7/24/2017 0:00,Jul,2017,105.3,0,3.621328551,2.621328551,2469.909912,1.286391293,0.286391293
7/25/2017 0:00,Jul,2017,104.73,0,3.621328551,2.621328551,2477.129883,1.290151636,0.290151636
7/26/2017 0:00,Jul,2017,105.24,0.003652249,3.634554543,2.634554543,2477.830078,1.290516315,0.290516315
7/27/2017 0:00,Jul,2017,108.25,0.021450969,3.71251926,2.71251926,2475.419922,1.289261045,0.289261045
7/28/2017 0:00,Jul,2017,108.21,0,3.71251926,2.71251926,2472.100098,1.287531997,0.287531997
7/31/2017 0:00,Jul,2017,108.18,0,3.71251926,2.71251926,2470.300049,1.286594486,0.286594486
8/1/2017 0:00,Aug,2017,108.85,0.004645036,3.729764046,2.729764046,2476.350098,1.289745504,0.289745504
8/2/2017 0:00,Aug,2017,106.94,0,3.729764046,2.729764046,2477.570068,1.290380895,0.290380895
8/3/2017 0:00,Aug,2017,107.39,0.003155975,3.74153509,2.74153509,2472.159912,1.28756315,0.28756315
8/4/2017 0:00,Aug,2017,105.98,0,3.74153509,2.74153509,2476.830078,1.28999549,0.28999549
8/7/2017 0:00,Aug,2017,104.66,0,3.74153509,2.74153509,2480.909912,1.29212037,0.29212037
8/8/2017 0:00,Aug,2017,105.28,0.004442958,3.758158573,2.758158573,2474.919922,1.289000633,0.289000633
8/9/2017 0:00,Aug,2017,101.2,0,3.758158573,2.758158573,2474.02002,1.288531941,0.288531941
8/10/2017 0:00,Aug,2017,99.74,0,3.758158573,2.758158573,2438.209961,1.26988116,0.26988116
8/11/2017 0:00,Aug,2017,100.37,0.004737317,3.775962162,2.775962162,2441.320068,1.271500982,0.271500982
8/14/2017 0:00,Aug,2017,99.79,0,3.775962162,2.775962162,2465.840088,1.284271626,0.284271626
8/15/2017 0:00,Aug,2017,99.9,0.000826736,3.779083886,2.779083886,2464.610107,1.283631021,0.283631021
8/16/2017 0:00,Aug,2017,100.58,0.005105105,3.798376507,2.798376507,2468.110107,1.285453909,0.285453909
8/17/2017 0:00,Aug,2017,99.77,0,3.798376507,2.798376507,2430.01001,1.265610419,0.265610419
8/18/2017 0:00,Aug,2017,99.1,0,3.798376507,2.798376507,2425.550049,1.263287559,0.263287559
8/21/2017 0:00,Aug,2017,99.56,0.003481332,3.811599916,2.811599916,2428.370117,1.264756322,0.264756322
8/22/2017 0:00,Aug,2017,101.14,0.01190237,3.856966991,2.856966991,2452.51001,1.277328986,0.277328986
8/23/2017 0:00,Aug,2017,99.89,0,3.856966991,2.856966991,2444.040039,1.272917612,0.272917612
8/24/2017 0:00,Aug,2017,99.91,0.000150165,3.857546173,2.857546173,2438.969971,1.270276993,0.270276993
8/25/2017 0:00,Aug,2017,100.78,0.006530878,3.882739335,2.882739335,2443.050049,1.272402,0.272402
8/28/2017 0:00,Aug,2017,100.93,0.001116293,3.88707361,2.88707361,2444.23999,1.273021751,0.273021751
8/29/2017 0:00,Aug,2017,100.94,7.43089E-05,3.887362454,2.887362454,2446.300049,1.274094682,0.274094682
8/30/2017 0:00,Aug,2017,101.24,0.002229047,3.896027567,2.896027567,2457.590088,1.279974819,0.279974819
8/31/2017 0:00,Aug,2017,99.59,0,3.896027567,2.896027567,2471.649902,1.287297524,0.287297524
9/1/2017 0:00,Sep,2017,99.89,0.002259263,3.904829718,2.904829718,2476.550049,1.289849644,0.289849644
9/5/2017 0:00,Sep,2017,99.99,0.000750826,3.907761566,2.907761566,2457.850098,1.280110238,0.280110238
9/6/2017 0:00,Sep,2017,99.89,0,3.907761566,2.907761566,2465.540039,1.284115353,0.284115353
9/7/2017 0:00,Sep,2017,95.52,0,3.907761566,2.907761566,2465.100098,1.283886221,0.283886221
9/8/2017 0:00,Sep,2017,95.53,7.85176E-05,3.908068394,2.908068394,2461.429932,1.281974706,0.281974706
9/11/2017 0:00,Sep,2017,95.55,0.000157019,3.908682034,2.908682034,2488.110107,1.295870413,0.295870413
9/12/2017 0:00,Sep,2017,96.34,0.006200942,3.932919544,2.932919544,2496.47998,1.300229654,0.300229654
9/13/2017 0:00,Sep,2017,97.25,0.007084285,3.960781466,2.960781466,2498.370117,1.301214085,0.301214085
9/14/2017 0:00,Sep,2017,96.34,0,3.960781466,2.960781466,2495.620117,1.299781816,0.299781816
9/15/2017 0:00,Sep,2017,96.96,0.004826656,3.979898794,2.979898794,2500.22998,1.302182748,0.302182748
9/18/2017 0:00,Sep,2017,96.54,0,3.979898794,2.979898794,2503.870117,1.304078623,0.304078623
9/19/2017 0:00,Sep,2017,96.87,0.002563704,3.990102077,2.990102077,2506.649902,1.305526405,0.305526405
9/20/2017 0:00,Sep,2017,97.63,0.005884175,4.013580535,3.013580535,2508.23999,1.306354563,0.306354563
9/21/2017 0:00,Sep,2017,97.32,0,4.013580535,3.013580535,2500.600098,1.302375515,0.302375515
9/22/2017 0:00,Sep,2017,97.03,0,4.013580535,3.013580535,2502.219971,1.303219186,0.303219186
9/25/2017 0:00,Sep,2017,97.99,0.007420385,4.043362849,3.043362849,2496.659912,1.300323367,0.300323367
9/26/2017 0:00,Sep,2017,97.06,0,4.043362849,3.043362849,2496.840088,1.300417207,0.300417207
9/27/2017 0:00,Sep,2017,97.66,0.004636307,4.062109123,3.062109123,2507.040039,1.305729599,0.305729599
9/28/2017 0:00,Sep,2017,96.49,0,4.062109123,3.062109123,2510.060059,1.307302501,0.307302501
9/29/2017 0:00,Sep,2017,97,0.003964141,4.078211897,3.078211897,2519.360107,1.3121462,0.3121462
10/2/2017 0:00,Oct,2017,98.27,0.009819588,4.118258257,3.118258257,2529.120117,1.317229459,0.317229459
10/3/2017 0:00,Oct,2017,99.19,0.007021471,4.147174489,3.147174489,2534.580078,1.320073145,0.320073145
10/4/2017 0:00,Oct,2017,98.95,0,4.147174489,3.147174489,2537.73999,1.321718906,0.321718906
10/5/2017 0:00,Oct,2017,98.52,0,4.147174489,3.147174489,2552.070068,1.329182372,0.329182372
10/6/2017 0:00,Oct,2017,98.48,0,4.147174489,3.147174489,2549.330078,1.327755316,0.327755316
10/9/2017 0:00,Oct,2017,97.99,0,4.147174489,3.147174489,2544.72998,1.325359469,0.325359469
10/10/2017 0:00,Oct,2017,98,7.65384E-05,4.147491908,3.147491908,2550.639893,1.328437501,0.328437501
10/11/2017 0:00,Oct,2017,96.98,0,4.147491908,3.147491908,2555.23999,1.330833347,0.330833347
10/12/2017 0:00,Oct,2017,95.39,0,4.147491908,3.147491908,2550.929932,1.32858856,0.32858856
10/13/2017 0:00,Oct,2017,95.83,0.003459482,4.161840082,3.161840082,2553.169922,1.329755204,0.329755204
10/16/2017 0:00,Oct,2017,96.57,0.005791506,4.185943403,3.185943403,2557.639893,1.332083277,0.332083277
10/17/2017 0:00,Oct,2017,96.8,0.001786269,4.193420624,3.193420624,2559.360107,1.332979208,0.332979208
10/18/2017 0:00,Oct,2017,96.69,0,4.193420624,3.193420624,2561.26001,1.333968725,0.333968725
10/19/2017 0:00,Oct,2017,97.44,0.005817561,4.217816105,3.217816105,2562.100098,1.334406264,0.334406264
10/20/2017 0:00,Oct,2017,97.82,0.002924877,4.230152698,3.230152698,2575.209961,1.341234211,0.341234211
10/23/2017 0:00,Oct,2017,97.13,0,4.230152698,3.230152698,2564.97998,1.335906179,0.335906179
10/24/2017 0:00,Oct,2017,96.73,0,4.230152698,3.230152698,2569.129883,1.338067553,0.338067553
10/25/2017 0:00,Oct,2017,96.23,0,4.230152698,3.230152698,2557.149902,1.331828077,0.331828077
10/26/2017 0:00,Oct,2017,96.99,0.005923309,4.255209198,3.255209198,2560.399902,1.333520759,0.333520759
10/27/2017 0:00,Oct,2017,96.75,0,4.255209198,3.255209198,2581.070068,1.344286302,0.344286302
10/30/2017 0:00,Oct,2017,96.48,0,4.255209198,3.255209198,2572.830078,1.339994708,0.339994708
10/31/2017 0:00,Oct,2017,96.26,0,4.255209198,3.255209198,2575.26001,1.341260278,0.341260278
11/1/2017 0:00,Nov,2017,97.46,0.009349678,4.294994034,3.294994034,2579.360107,1.343395712,0.343395712
11/2/2017 0:00,Nov,2017,96.79,0,4.294994034,3.294994034,2579.850098,1.343650911,0.343650911
11/3/2017 0:00,Nov,2017,97.07,0.002169646,4.304312649,3.304312649,2587.840088,1.347812299,0.347812299
11/6/2017 0:00,Nov,2017,99.04,0.015220975,4.369828482,3.369828482,2591.129883,1.349525707,0.349525707
11/7/2017 0:00,Nov,2017,100,0.00726979,4.401596217,3.401596217,2590.639893,1.349270508,0.349270508
11/8/2017 0:00,Nov,2017,99.57,0,4.401596217,3.401596217,2594.379883,1.351218389,0.351218389
11/9/2017 0:00,Nov,2017,101.05,0.011147936,4.450664931,3.450664931,2584.620117,1.346135257,0.346135257
11/10/2017 0:00,Nov,2017,103.12,0.015363681,4.519043529,3.519043529,2582.300049,1.344926907,0.344926907
11/13/2017 0:00,Nov,2017,103.08,0,4.519043529,3.519043529,2584.840088,1.346249824,0.346249824
11/14/2017 0:00,Nov,2017,101.53,0,4.519043529,3.519043529,2578.870117,1.343140512,0.343140512
11/15/2017 0:00,Nov,2017,102.04,0.003767359,4.53606839,3.53606839,2564.620117,1.335718753,0.335718753
11/16/2017 0:00,Nov,2017,101.95,0,4.53606839,3.53606839,2585.639893,1.346666382,0.346666382
11/17/2017 0:00,Nov,2017,101.8,0,4.53606839,3.53606839,2578.850098,1.343130086,0.343130086
11/20/2017 0:00,Nov,2017,101.12,0,4.53606839,3.53606839,2582.139893,1.344843494,0.344843494
11/21/2017 0:00,Nov,2017,101.36,0.001780063,4.544142879,3.544142879,2599.030029,1.353640302,0.353640302
11/22/2017 0:00,Nov,2017,101.11,0,4.544142879,3.544142879,2597.080078,1.352624719,0.352624719
11/24/2017 0:00,Nov,2017,101.01,0,4.544142879,3.544142879,2602.419922,1.355405844,0.355405844
11/27/2017 0:00,Nov,2017,101.16,0.001113751,4.549203923,3.549203923,2601.419922,1.354885019,0.354885019
11/28/2017 0:00,Nov,2017,101.77,0.004522539,4.569777873,3.569777873,2627.040039,1.368228621,0.368228621
11/29/2017 0:00,Nov,2017,103.57,0.013265206,4.630396917,3.630396917,2626.070068,1.367723436,0.367723436
11/30/2017 0:00,Nov,2017,103.16,0,4.630396917,3.630396917,2647.580078,1.378926391,0.378926391
12/1/2017 0:00,Dec,2017,103.58,0.003053509,4.644535876,3.644535876,2642.219971,1.376134712,0.376134712
12/4/2017 0:00,Dec,2017,108.47,0.035407415,4.808986884,3.808986884,2639.439941,1.374686802,0.374686802
12/5/2017 0:00,Dec,2017,105.52,0,4.808986884,3.808986884,2629.570068,1.369546324,0.369546324
12/6/2017 0:00,Dec,2017,103.78,0,4.808986884,3.808986884,2629.27002,1.369390051,0.369390051
12/7/2017 0:00,Dec,2017,103.59,0,4.808986884,3.808986884,2636.97998,1.373405593,0.373405593
12/8/2017 0:00,Dec,2017,103.4,0,4.808986884,3.808986884,2651.5,1.380967985,0.380967985
12/11/2017 0:00,Dec,2017,105.98,0.018713733,4.898980981,3.898980981,2659.98999,1.385389785,0.385389785
12/12/2017 0:00,Dec,2017,106.58,0.004246084,4.919782466,3.919782466,2664.110107,1.387535646,0.387535646
12/13/2017 0:00,Dec,2017,106.75,0.001196284,4.925667925,3.925667925,2662.850098,1.386879402,0.386879402
12/14/2017 0:00,Dec,2017,109.69,0.020655738,5.02741123,4.02741123,2652.01001,1.381233611,0.381233611
12/15/2017 0:00,Dec,2017,110.39,0.004786216,5.051473505,4.051473505,2675.810059,1.393629276,0.393629276
12/18/2017 0:00,Dec,2017,110.15,0,5.051473505,4.051473505,2690.159912,1.401103041,0.401103041
12/19/2017 0:00,Dec,2017,110.92,0.005242851,5.077957626,4.077957626,2681.469971,1.396577101,0.396577101
12/20/2017 0:00,Dec,2017,108.82,0,5.077957626,4.077957626,2679.25,1.395420884,0.395420884
12/21/2017 0:00,Dec,2017,108.7,0,5.077957626,4.077957626,2684.570068,1.398191709,0.398191709
12/22/2017 0:00,Dec,2017,107.81,0,5.077957626,4.077957626,2683.340088,1.397551105,0.397551105
12/26/2017 0:00,Dec,2017,107.26,0,5.077957626,4.077957626,2680.5,1.396071915,0.396071915
12/27/2017 0:00,Dec,2017,106.78,0,5.077957626,4.077957626,2682.620117,1.397176126,0.397176126
12/28/2017 0:00,Dec,2017,106.91,0.000913092,5.08259427,4.08259427,2687.540039,1.399738545,0.399738545
12/29/2017 0:00,Dec,2017,106.65,0,5.08259427,4.08259427,2673.610107,1.392483485,0.392483485
1/2/2018 0:00,Jan,2018,110.91,0.029957806,5.234857643,4.234857643,2695.810059,1.40404578,0.40404578
1/3/2018 0:00,Jan,2018,111.39,0.003245875,5.251849337,4.251849337,2713.060059,1.413030014,0.413030014
1/4/2018 0:00,Jan,2018,111.34,0,5.251849337,4.251849337,2723.98999,1.418722597,0.418722597
1/5/2018 0:00,Jan,2018,110.73,0,5.251849337,4.251849337,2743.149902,1.428701562,0.428701562
1/8/2018 0:00,Jan,2018,109.15,0,5.251849337,4.251849337,2747.709961,1.431076556,0.431076556
1/9/2018 0:00,Jan,2018,109.07,0,5.251849337,4.251849337,2751.290039,1.432941151,0.432941151
1/10/2018 0:00,Jan,2018,108.6,0,5.251849337,4.251849337,2748.22998,1.431347395,0.431347395
1/11/2018 0:00,Jan,2018,110.11,0.010428177,5.30661655,4.30661655,2767.560059,1.441414987,0.441414987
1/12/2018 0:00,Jan,2018,111.58,0.010012715,5.359750187,4.359750187,2786.23999,1.451143965,0.451143965
1/16/2018 0:00,Jan,2018,109.81,0,5.359750187,4.359750187,2776.419922,1.446029427,0.446029427
1/17/2018 0:00,Jan,2018,111.08,0.008674073,5.406241053,4.406241053,2802.560059,1.459643868,0.459643868
1/18/2018 0:00,Jan,2018,109.54,0,5.406241053,4.406241053,2798.030029,1.457284515,0.457284515
1/19/2018 0:00,Jan,2018,109.71,0.001163958,5.412533693,4.412533693,2810.300049,1.46367505,0.46367505
1/22/2018 0:00,Jan,2018,110.22,0.003486464,5.431404298,4.431404298,2832.969971,1.475482117,0.475482117
1/23/2018 0:00,Jan,2018,109.53,0,5.431404298,4.431404298,2839.129883,1.478690354,0.478690354
1/24/2018 0:00,Jan,2018,109.62,0.00061627,5.434751507,4.434751507,2837.540039,1.477862323,0.477862323
1/25/2018 0:00,Jan,2018,109.67,0.000342091,5.436610686,4.436610686,2839.25,1.478752914,0.478752914
1/26/2018 0:00,Jan,2018,111.3,0.011147078,5.497213007,4.497213007,2872.870117,1.496263118,0.496263118
1/29/2018 0:00,Jan,2018,110.65,0,5.497213007,4.497213007,2853.530029,1.486190313,0.486190313
1/30/2018 0:00,Jan,2018,109.23,0,5.497213007,4.497213007,2822.429932,1.469992599,0.469992599
1/31/2018 0:00,Jan,2018,107.81,0,5.497213007,4.497213007,2823.810059,1.470711404,0.470711404
2/1/2018 0:00,Feb,2018,109.61,0.012522029,5.566049271,4.566049271,2821.97998,1.469758252,0.469758252
2/2/2018 0:00,Feb,2018,107.84,0,5.566049271,4.566049271,2762.129883,1.438586814,0.438586814
2/5/2018 0:00,Feb,2018,103.87,0,5.566049271,4.566049271,2648.939941,1.379634642,0.379634642
2/6/2018 0:00,Feb,2018,105.33,0.010542024,5.624726694,4.624726694,2695.139893,1.40369674,0.40369674
2/7/2018 0:00,Feb,2018,103.93,0,5.624726694,4.624726694,2681.659912,1.396676027,0.396676027
2/8/2018 0:00,Feb,2018,100.54,0,5.624726694,4.624726694,2581,1.344249809,0.344249809
2/9/2018 0:00,Feb,2018,102.27,0.012905311,5.697315543,4.697315543,2619.550049,1.364327646,0.364327646
2/12/2018 0:00,Feb,2018,102.57,0.002200059,5.709849971,4.709849971,2656,1.383311698,0.383311698
2/13/2018 0:00,Feb,2018,103.29,0.005264697,5.739910603,4.739910603,2662.939941,1.386926194,0.386926194
2/14/2018 0:00,Feb,2018,103.77,0.003485333,5.7599161,4.7599161,2698.629883,1.405514415,0.405514415
2/15/2018 0:00,Feb,2018,104.34,0.004119688,5.783645156,4.783645156,2731.199951,1.422477727,0.422477727
2/16/2018 0:00,Feb,2018,105.68,0.009631972,5.839353067,4.839353067,2732.219971,1.423008979,0.423008979
2/20/2018 0:00,Feb,2018,105.14,0,5.839353067,4.839353067,2716.26001,1.414696629,0.414696629
2/21/2018 0:00,Feb,2018,104.21,0,5.839353067,4.839353067,2701.330078,1.406920745,0.406920745
2/22/2018 0:00,Feb,2018,104.4,0.001367431,5.84733798,4.84733798,2703.959961,1.408290454,0.408290454
2/23/2018 0:00,Feb,2018,106.4,0.014367816,5.931351457,4.931351457,2747.300049,1.430863063,0.430863063
2/26/2018 0:00,Feb,2018,108.94,0.017904135,6.037547176,5.037547176,2779.600098,1.447685742,0.447685742
2/27/2018 0:00,Feb,2018,104.04,0,6.037547176,5.037547176,2744.280029,1.429290161,0.429290161
2/28/2018 0:00,Feb,2018,102.34,0,6.037547176,5.037547176,2713.830078,1.413431059,0.413431059
3/1/2018 0:00,Mar,2018,101.75,0,6.037547176,5.037547176,2677.669922,1.394597939,0.394597939
3/2/2018 0:00,Mar,2018,102.17,0.003095823,6.056238354,5.056238354,2691.25,1.401670786,0.401670786
3/5/2018 0:00,Mar,2018,102.59,0.003083097,6.074910323,5.074910323,2720.939941,1.417134055,0.417134055
3/6/2018 0:00,Mar,2018,104.11,0.011112194,6.142415906,5.142415906,2728.120117,1.420873672,0.420873672
3/7/2018 0:00,Mar,2018,102.77,0,6.142415906,5.142415906,2726.800049,1.420186147,0.420186147
3/8/2018 0:00,Mar,2018,103.2,0.003138075,6.16169127,5.16169127,2738.969971,1.426524549,0.426524549
3/9/2018 0:00,Mar,2018,103.9,0.005087209,6.193037083,5.193037083,2786.570068,1.451315878,0.451315878
3/12/2018 0:00,Mar,2018,104.33,0.003103946,6.212259936,5.212259936,2783.02002,1.449466924,0.449466924
3/13/2018 0:00,Mar,2018,102.91,0,6.212259936,5.212259936,2765.310059,1.44024313,0.44024313
3/14/2018 0:00,Mar,2018,103.07,0.001166067,6.21950385,5.21950385,2749.47998,1.431998426,0.431998426
3/15/2018 0:00,Mar,2018,102.42,0,6.21950385,5.21950385,2747.330078,1.430878703,0.430878703
3/16/2018 0:00,Mar,2018,102.05,0,6.21950385,5.21950385,2752.01001,1.43331613,0.43331613
3/19/2018 0:00,Mar,2018,100.67,0,6.21950385,5.21950385,2712.919922,1.412957027,0.412957027
3/20/2018 0:00,Mar,2018,100.54,0,6.21950385,5.21950385,2716.939941,1.415050754,0.415050754
3/21/2018 0:00,Mar,2018,101.01,0.003506067,6.241309849,5.241309849,2711.929932,1.412441416,0.412441416
3/22/2018 0:00,Mar,2018,99.8,0,6.241309849,5.241309849,2643.689941,1.376900309,0.376900309
3/23/2018 0:00,Mar,2018,97.76,0,6.241309849,5.241309849,2588.26001,1.348031005,0.348031005
3/26/2018 0:00,Mar,2018,99.85,0.016034165,6.341384043,5.341384043,2658.550049,1.384639828,0.384639828
3/27/2018 0:00,Mar,2018,98.57,0,6.341384043,5.341384043,2612.620117,1.360718362,0.360718362
3/28/2018 0:00,Mar,2018,97.76,0,6.341384043,5.341384043,2605,1.356749614,0.356749614
3/29/2018 0:00,Mar,2018,99.64,0.014423077,6.432846313,5.432846313,2640.870117,1.375431674,0.375431674
4/2/2018 0:00,Apr,2018,97.88,0,6.432846313,5.432846313,2581.879883,1.344708074,0.344708074
4/3/2018 0:00,Apr,2018,98.63,0.005746833,6.469814805,5.469814805,2614.449951,1.361671386,0.361671386
4/4/2018 0:00,Apr,2018,100.15,0.011558349,6.544595185,5.544595185,2644.689941,1.377421135,0.377421135
4/5/2018 0:00,Apr,2018,101.3,0.008612082,6.600957775,5.600957775,2662.840088,1.386874188,0.386874188
4/6/2018 0:00,Apr,2018,99.55,0,6.600957775,5.600957775,2604.469971,1.356473561,0.356473561
4/9/2018 0:00,Apr,2018,98.91,0,6.600957775,5.600957775,2613.159912,1.360999501,0.360999501
4/10/2018 0:00,Apr,2018,100.56,0.012511374,6.683544826,5.683544826,2656.870117,1.383764877,0.383764877
4/11/2018 0:00,Apr,2018,100,0,6.683544826,5.683544826,2642.189941,1.376119072,0.376119072
4/12/2018 0:00,Apr,2018,99.59,0,6.683544826,5.683544826,2663.98999,1.387473086,0.387473086
4/13/2018 0:00,Apr,2018,99.55,0,6.683544826,5.683544826,2656.300049,1.383467971,0.383467971
4/16/2018 0:00,Apr,2018,99.44,0,6.683544826,5.683544826,2677.840088,1.394686566,0.394686566
4/17/2018 0:00,Apr,2018,101.36,0.014481094,6.780329868,5.780329868,2706.389893,1.409556024,0.409556024
4/18/2018 0:00,Apr,2018,100.41,0,6.780329868,5.780329868,2708.639893,1.41072788,0.41072788
4/19/2018 0:00,Apr,2018,100.09,0,6.780329868,5.780329868,2693.129883,1.402649876,0.402649876
4/20/2018 0:00,Apr,2018,99.44,0,6.780329868,5.780329868,2670.139893,1.390676111,0.390676111
4/23/2018 0:00,Apr,2018,99.35,0,6.780329868,5.780329868,2670.290039,1.39075431,0.39075431
4/24/2018 0:00,Apr,2018,98.67,0,6.780329868,5.780329868,2634.560059,1.372145237,0.372145237
4/25/2018 0:00,Apr,2018,100.35,0.012769839,6.866913588,5.866913588,2639.399902,1.374665949,0.374665949
4/26/2018 0:00,Apr,2018,99.05,0,6.866913588,5.866913588,2666.939941,1.389009495,0.389009495
4/27/2018 0:00,Apr,2018,98.44,0,6.866913588,5.866913588,2669.909912,1.390556331,0.390556331
4/30/2018 0:00,Apr,2018,99.53,0.008304551,6.923940222,5.923940222,2648.050049,1.379171163,0.379171163
5/1/2018 0:00,May,2018,99.26,0,6.923940222,5.923940222,2654.800049,1.382686733,0.382686733
5/2/2018 0:00,May,2018,98.83,0,6.923940222,5.923940222,2635.669922,1.372723282,0.372723282
5/3/2018 0:00,May,2018,97.97,0,6.923940222,5.923940222,2629.72998,1.36962961,0.36962961
5/4/2018 0:00,May,2018,100.35,0.018219863,7.050093466,6.050093466,2663.419922,1.38717618,0.38717618
5/7/2018 0:00,May,2018,101.66,0.009790732,7.119119044,6.119119044,2672.629883,1.39197296,0.39197296
5/8/2018 0:00,May,2018,100.98,0,7.119119044,6.119119044,2671.919922,1.391603195,0.391603195
5/9/2018 0:00,May,2018,99.17,0,7.119119044,6.119119044,2697.790039,1.405077003,0.405077003
5/10/2018 0:00,May,2018,100.87,0.012856711,7.210647498,6.210647498,2723.070068,1.418243479,0.418243479
5/11/2018 0:00,May,2018,101.26,0.002899772,7.231556732,6.231556732,2727.719971,1.420665266,0.420665266
5/14/2018 0:00,May,2018,101.63,0.00274047,7.251374597,6.251374597,2730.129883,1.421920408,0.421920408
5/15/2018 0:00,May,2018,102.1,0.003468464,7.276525729,6.276525729,2711.449951,1.412191429,0.412191429
5/16/2018 0:00,May,2018,104.2,0.015426053,7.388773799,6.388773799,2722.459961,1.41792572,0.41792572
5/17/2018 0:00,May,2018,103.51,0,7.388773799,6.388773799,2720.129883,1.416712157,0.416712157
5/18/2018 0:00,May,2018,103.1,0,7.388773799,6.388773799,2712.969971,1.412983094,0.412983094
5/21/2018 0:00,May,2018,103.23,0.000945684,7.395761243,6.395761243,2733.01001,1.423420451,0.423420451
5/22/2018 0:00,May,2018,103.24,7.26533E-05,7.39629857,6.39629857,2724.439941,1.418956943,0.418956943
5/23/2018 0:00,May,2018,102.07,0,7.39629857,6.39629857,2733.290039,1.423566297,0.423566297
5/24/2018 0:00,May,2018,101.3,0,7.39629857,6.39629857,2727.76001,1.420686119,0.420686119
5/25/2018 0:00,May,2018,101.39,0.000666338,7.401227002,6.401227002,2721.330078,1.417337248,0.417337248
5/29/2018 0:00,May,2018,98.9,0,7.401227002,6.401227002,2689.860107,1.400946895,0.400946895
5/30/2018 0:00,May,2018,99.18,0.002123357,7.416942448,6.416942448,2724.01001,1.418733024,0.418733024
5/31/2018 0:00,May,2018,98.68,0,7.416942448,6.416942448,2705.27002,1.408972766,0.408972766
6/1/2018 0:00,Jun,2018,98.57,0,7.416942448,6.416942448,2734.620117,1.424259035,0.424259035
6/4/2018 0:00,Jun,2018,99.44,0.006619661,7.466040094,6.466040094,2746.870117,1.430639144,0.430639144
6/5/2018 0:00,Jun,2018,99.15,0,7.466040094,6.466040094,2748.800049,1.431644301,0.431644301
6/6/2018 0:00,Jun,2018,101.1,0.014750378,7.576167009,6.576167009,2772.350098,1.44390976,0.44390976
6/7/2018 0:00,Jun,2018,101.66,0.004154303,7.6076407,6.6076407,2770.370117,1.442878536,0.442878536
6/8/2018 0:00,Jun,2018,103.15,0.010992524,7.691267874,6.691267874,2779.030029,1.447388836,0.447388836
6/11/2018 0:00,Jun,2018,103.52,0.002690257,7.71195936,6.71195936,2782,1.448935672,0.448935672
6/12/2018 0:00,Jun,2018,103.5,0,7.71195936,6.71195936,2786.850098,1.451461725,0.451461725
6/13/2018 0:00,Jun,2018,105.46,0.014202899,7.821491537,6.821491537,2775.629883,1.445617954,0.445617954
6/14/2018 0:00,Jun,2018,107.89,0.017281434,7.956658124,6.956658124,2782.48999,1.449190871,0.449190871
6/15/2018 0:00,Jun,2018,107.98,0.000625637,7.961636106,6.961636106,2779.659912,1.447716895,0.447716895
6/18/2018 0:00,Jun,2018,106.21,0,7.961636106,6.961636106,2773.75,1.444638864,0.444638864
6/19/2018 0:00,Jun,2018,105.26,0,7.961636106,6.961636106,2762.590088,1.438826501,0.438826501
6/20/2018 0:00,Jun,2018,106.3,0.007410222,8.020633599,7.020633599,2767.320068,1.441289993,0.441289993
6/21/2018 0:00,Jun,2018,105.05,0,8.020633599,7.020633599,2749.76001,1.432144273,0.432144273
6/22/2018 0:00,Jun,2018,105.49,0.003141361,8.045829307,7.045829307,2754.879883,1.434810832,0.434810832
6/25/2018 0:00,Jun,2018,103.62,0,8.045829307,7.045829307,2717.070068,1.415118528,0.415118528
6/26/2018 0:00,Jun,2018,103.43,0,8.045829307,7.045829307,2723.060059,1.418238266,0.418238266
6/27/2018 0:00,Jun,2018,103.13,0,8.045829307,7.045829307,2699.629883,1.40603524,0.40603524
6/28/2018 0:00,Jun,2018,103.94,0.005890623,8.093224258,7.093224258,2716.310059,1.414722696,0.414722696
6/29/2018 0:00,Jun,2018,103.98,0.000288628,8.095560189,7.095560189,2718.370117,1.415795626,0.415795626
7/2/2018 0:00,Jul,2018,104.49,0.003678592,8.125340453,7.125340453,2726.709961,1.420139227,0.420139227
7/3/2018 0:00,Jul,2018,103.21,0,8.125340453,7.125340453,2713.219971,1.4131133,0.4131133
7/5/2018 0:00,Jul,2018,104.5,0.009374092,8.201508139,7.201508139,2736.610107,1.425295472,0.425295472
7/6/2018 0:00,Jul,2018,104.78,0.002009569,8.217989638,7.217989638,2759.820068,1.437383805,0.437383805
7/9/2018 0:00,Jul,2018,106.02,0.00887574,8.290930375,7.290930375,2784.169922,1.450065822,0.450065822
7/10/2018 0:00,Jul,2018,106.03,7.07414E-05,8.291516887,7.291516887,2793.840088,1.455102288,0.455102288
7/11/2018 0:00,Jul,2018,108.04,0.014217674,8.409402973,7.409402973,2774.02002,1.444779497,0.444779497
7/12/2018 0:00,Jul,2018,108.25,0.001457793,8.421662145,7.421662145,2798.290039,1.457419934,0.457419934
7/13/2018 0:00,Jul,2018,110,0.012124711,8.523772367,7.523772367,2801.310059,1.458992837,0.458992837
7/16/2018 0:00,Jul,2018,110.2,0.001363636,8.535395693,7.535395693,2798.429932,1.457492794,0.457492794
7/17/2018 0:00,Jul,2018,110.3,0.000680581,8.541204719,7.541204719,2809.550049,1.463284431,0.463284431
7/18/2018 0:00,Jul,2018,110.69,0.002651859,8.563854786,7.563854786,2815.620117,1.466445876,0.466445876
7/19/2018 0:00,Jul,2018,112.13,0.009756979,8.647412137,7.647412137,2804.48999,1.460649025,0.460649025
7/20/2018 0:00,Jul,2018,111.48,0,8.647412137,7.647412137,2801.830078,1.459263676,0.459263676
7/23/2018 0:00,Jul,2018,111.09,0,8.647412137,7.647412137,2806.97998,1.461945875,0.461945875
7/24/2018 0:00,Jul,2018,110.7,0,8.647412137,7.647412137,2820.399902,1.468935308,0.468935308
7/25/2018 0:00,Jul,2018,111.18,0.003252033,8.675533803,7.675533803,2846.070068,1.482304977,0.482304977
7/26/2018 0:00,Jul,2018,113.51,0.015717755,8.811893717,7.811893717,2837.439941,1.477810189,0.477810189
7/27/2018 0:00,Jul,2018,112.62,0,8.811893717,7.811893717,2818.820068,1.468112491,0.468112491
7/30/2018 0:00,Jul,2018,112.63,6.65956E-05,8.812480551,7.812480551,2802.600098,1.459664722,0.459664722
7/31/2018 0:00,Jul,2018,113.56,0.006192844,8.867054867,7.867054867,2816.290039,1.466794788,0.466794788
8/1/2018 0:00,Aug,2018,112.97,0,8.867054867,7.867054867,2813.360107,1.465268805,0.465268805
8/2/2018 0:00,Aug,2018,112.75,0,8.867054867,7.867054867,2827.219971,1.472487372,0.472487372
8/3/2018 0:00,Aug,2018,114.09,0.008913525,8.946091586,7.946091586,2840.350098,1.479325873,0.479325873
8/6/2018 0:00,Aug,2018,115.94,0.012161451,9.054889045,8.054889045,2850.399902,1.484560064,0.484560064
8/7/2018 0:00,Aug,2018,116.56,0.004010695,9.091205445,8.091205445,2858.449951,1.488752732,0.488752732
8/8/2018 0:00,Aug,2018,113.98,0,9.091205445,8.091205445,2857.699951,1.488362113,0.488362113
8/9/2018 0:00,Aug,2018,114.16,0.001184418,9.101973235,8.101973235,2853.580078,1.486216379,0.486216379
8/10/2018 0:00,Aug,2018,112.68,0,9.101973235,8.101973235,2833.280029,1.475643603,0.475643603
8/13/2018 0:00,Aug,2018,112.12,0,9.101973235,8.101973235,2821.929932,1.469732186,0.469732186
8/14/2018 0:00,Aug,2018,112.75,0.004214235,9.140331087,8.140331087,2839.959961,1.479122679,0.479122679
8/15/2018 0:00,Aug,2018,112.85,0.000665188,9.14641113,8.14641113,2818.370117,1.467878145,0.467878145
8/16/2018 0:00,Aug,2018,112.48,0,9.14641113,8.14641113,2840.689941,1.479502871,0.479502871
8/17/2018 0:00,Aug,2018,112.48,0,9.14641113,8.14641113,2850.129883,1.484419431,0.484419431
8/20/2018 0:00,Aug,2018,111.99,0,9.14641113,8.14641113,2857.050049,1.488023628,0.488023628
8/21/2018 0:00,Aug,2018,112.39,0.002678811,9.170912633,8.170912633,2862.959961,1.491101659,0.491101659
8/22/2018 0:00,Aug,2018,111.94,0,9.170912633,8.170912633,2861.820068,1.490507974,0.490507974
8/23/2018 0:00,Aug,2018,112,0.000402001,9.17459935,8.17459935,2856.97998,1.487987134,0.487987134
8/24/2018 0:00,Aug,2018,111.93,0,9.17459935,8.17459935,2874.689941,1.497210928,0.497210928
8/27/2018 0:00,Aug,2018,112.33,0.002680247,9.199189539,8.199189539,2896.73999,1.508695149,0.508695149
8/28/2018 0:00,Aug,2018,112.58,0.001669189,9.214544725,8.214544725,2897.52002,1.509101408,0.509101408
8/29/2018 0:00,Aug,2018,112.45,0,9.214544725,8.214544725,2914.040039,1.51770545,0.51770545
8/30/2018 0:00,Aug,2018,111.92,0,9.214544725,8.214544725,2901.129883,1.510981515,0.510981515
8/31/2018 0:00,Aug,2018,112.02,0.000670122,9.220719589,8.220719589,2901.52002,1.511184709,0.511184709
9/4/2018 0:00,Sep,2018,110.85,0,9.220719589,8.220719589,2896.719971,1.508684722,0.508684722
9/5/2018 0:00,Sep,2018,109.87,0,9.220719589,8.220719589,2888.600098,1.504455688,0.504455688
9/6/2018 0:00,Sep,2018,110.26,0.002662237,9.245267332,8.245267332,2878.050049,1.498960957,0.498960957
9/7/2018 0:00,Sep,2018,110.97,0.004829494,9.289917294,8.289917294,2871.679932,1.495643239,0.495643239
9/10/2018 0:00,Sep,2018,110.68,0,9.289917294,8.289917294,2877.129883,1.498481711,0.498481711
9/11/2018 0:00,Sep,2018,109.6,0,9.289917294,8.289917294,2887.889893,1.504085795,0.504085795
9/12/2018 0:00,Sep,2018,109.46,0,9.289917294,8.289917294,2888.919922,1.50462226,0.50462226
9/13/2018 0:00,Sep,2018,110.67,0.0082907,9.36693721,8.36693721,2904.179932,1.512570058,0.512570058
9/14/2018 0:00,Sep,2018,109.26,0,9.36693721,8.36693721,2904.97998,1.512986743,0.512986743
9/17/2018 0:00,Sep,2018,109.36,0.000686436,9.373367013,8.373367013,2888.800049,1.504559827,0.504559827
9/18/2018 0:00,Sep,2018,109.53,0.001165874,9.384295179,8.384295179,2904.310059,1.512637831,0.512637831
9/19/2018 0:00,Sep,2018,109.79,0.001780334,9.401002361,8.401002361,2907.949951,1.514533579,0.514533579
9/20/2018 0:00,Sep,2018,111.62,0.012501139,9.518525593,8.518525593,2930.75,1.526408418,0.526408418
9/21/2018 0:00,Sep,2018,110.4,0,9.518525593,8.518525593,2929.669922,1.525845887,0.525845887
9/24/2018 0:00,Sep,2018,112.77,0.016100543,9.671779029,8.671779029,2919.370117,1.520481489,0.520481489
9/25/2018 0:00,Sep,2018,113.63,0.005719606,9.727097797,8.727097797,2915.560059,1.518497115,0.518497115
9/26/2018 0:00,Sep,2018,115.21,0.010428584,9.828537653,8.828537653,2905.969971,1.513502355,0.513502355
9/27/2018 0:00,Sep,2018,116.04,0.005403177,9.88164298,8.88164298,2914,1.517684597,0.517684597
9/28/2018 0:00,Sep,2018,116.94,0.00581696,9.939124098,8.939124098,2913.97998,1.51767417,0.51767417
